,name,year,quarter,sector,Relative Return,자본금 변화율,보유 주식 수 변화율,1인평균급여 변화율,증자주식수 변화율,금리 변화율,국제유가 변화율,Label,Code
7,경방,2023,Q1,경기소비재,-0.05075163065633926,0.0,0.0,0.0,0.0,-0.12061758935426237,-0.08337411073888668,-0.1480480934124126,000050
7,하이트진로,2023,Q1,생활소비재,-0.024821968334735087,0.0,0.0,0.0,0.0,-0.12061758935426237,-0.08337411073888668,-0.15510437639735503,000080
7,유한양행,2023,Q1,헬스케어,0.08422430114085966,0.04578780240114777,0.0,0.0,0.0,-0.12061758935426237,-0.08337411073888668,0.29034291902187653,000100
7,CJ대한통운,2023,Q1,산업재,0.02659724469511341,0.0,0.0,0.0,0.0,-0.12061758935426237,-0.08337411073888668,-0.03483625001144944,000120
7,두산,2023,Q1,산업재,-0.1273457788138802,0.0,0.0,0.0,0.0,-0.12061758935426237,-0.08337411073888668,0.09872153547567038,000150
7,대림산업,2023,Q1,건설,-0.11473241338712198,0.0,0.0,0.0,0.0,-0.12061758935426237,-0.08337411073888668,-0.20777257239510422,000210
7,일동제약,2023,Q1,헬스케어,-0.07049849609311148,0.0,0.0,0.0,0.0,-0.12061758935426237,-0.08337411073888668,-0.04564954330338757,000230
7,한국타이어월드와이드,2023,Q1,경기소비재,0.04704054396149173,0.0,0.0,0.0,0.0,-0.12061758935426237,-0.08337411073888668,-0.14674011905728682,000240
7,기아차,2023,Q1,경기소비재,0.11084148040708677,-0.04879016134770908,0.0,0.0,0.0,-0.12061758935426237,-0.08337411073888668,-0.15229947275120165,000270
7,조선내화,2023,Q1,철강_소재,0.06836339716957847,0.0,0.0,0.0,0.0,-0.12061758935426237,-0.08337411073888668,0.01859796740924216,000480
7,동아쏘시오홀딩스,2023,Q1,헬스케어,-0.08179994737427296,0.0,0.0,0.0,0.0,-0.12061758935426237,-0.08337411073888668,0.04921519946166719,000640
7,SK하이닉스,2023,Q1,정보기술,-0.0008162829245996137,0.0,0.0,0.0,0.0,-0.12061758935426237,-0.08337411073888668,0.2757811796600229,000660
7,영풍,2023,Q1,철강_소재,-0.08632504545940695,0.0,0.0,0.0,0.0,-0.12061758935426237,-0.08337411073888668,-0.008138775911639778,000670
7,현대건설,2023,Q1,건설,0.04414312617702444,0.0,0.0,0.0,0.0,-0.12061758935426237,-0.08337411073888668,-0.13300168657771466,000720
7,한화,2023,Q1,에너지_화학,0.036252798260019405,0.0,0.0,0.0,0.0,-0.12061758935426237,-0.08337411073888668,-0.01279572273054784,000880
7,CJ,2023,Q1,생활소비재,-0.13613870129101321,0.0,0.0,0.0,0.0,-0.12061758935426237,-0.08337411073888668,-0.17919900942632128,001040
7,LG상사,2023,Q1,산업재,0.02261175024150343,0.0,0.0,0.0,0.0,-0.12061758935426237,-0.08337411073888668,0.12476092431538251,001120
7,동국제강,2023,Q1,철강_소재,-0.0896062855049913,0.0,0.0,0.0,0.0,-0.12061758935426237,-0.08337411073888668,0.20365198402539958,001230
7,세아베스틸,2023,Q1,철강_소재,0.005019466384008388,0.0,0.0,0.0,0.0,-0.12061758935426237,-0.08337411073888668,-0.01517141271331833,001430
7,대상,2023,Q1,생활소비재,-0.042117077353037366,0.0,0.0,0.0,0.0,-0.12061758935426237,-0.08337411073888668,-0.11603061908663619,001680
7,SK네트웍스,2023,Q1,경기소비재,0.025948287350597267,0.0,0.0,0.0,0.0,-0.12061758935426237,-0.08337411073888668,0.4155051100198994,001740
7,오리온,2023,Q1,생활소비재,0.011134679133489672,0.0,0.0,0.0,0.0,-0.12061758935426237,-0.08337411073888668,-0.10112309208470176,001800
7,고려제강,2023,Q1,철강_소재,-0.12670927147250136,0.08695652173913038,0.0,0.0,0.0,-0.12061758935426237,-0.08337411073888668,0.19543682499953216,002240
7,넥센타이어,2023,Q1,경기소비재,0.14645767932000284,0.0,0.0,0.0,0.0,-0.12061758935426237,-0.08337411073888668,-0.1264292535848931,002350
7,KCC,2023,Q1,건설,-0.04391398905085796,0.0,0.0,0.0,0.0,-0.12061758935426237,-0.08337411073888668,-0.07029206557249212,002380
7,아모레G,2023,Q1,생활소비재,-0.21228938790982174,0.0,0.0,0.0,0.0,-0.12061758935426237,-0.08337411073888668,-0.0006872790240209092,002790
7,한국쉘석유,2023,Q1,에너지_화학,-0.05177408928035748,0.0,0.0,0.0,0.0,-0.12061758935426237,-0.08337411073888668,-0.09338967191245653,002960
7,부광약품,2023,Q1,헬스케어,-0.016555608896838294,0.0,0.0,0.0,0.0,-0.12061758935426237,-0.08337411073888668,-0.16834066751682053,003000
7,세아제강,2023,Q1,철강_소재,0.028680810714708974,0.0,0.0,0.0,0.0,-0.12061758935426237,-0.08337411073888668,0.21341076251411584,003030
7,일신방직,2023,Q1,경기소비재,-0.06536431941289537,0.0,0.0,0.0,0.0,-0.12061758935426237,-0.08337411073888668,-0.254384225442304,003200
7,태광산업,2023,Q1,에너지_화학,-0.07101088696543104,0.0,0.0,0.0,0.0,-0.12061758935426237,-0.08337411073888668,-0.15095545202413502,003240
7,한일시멘트,2023,Q1,건설,-0.011799147529933125,0.0,0.0,0.0,0.0,-0.12061758935426237,-0.08337411073888668,-0.0745508993809575,003300
7,대한항공,2023,Q1,산업재,-0.05304822302080679,0.0,0.0,0.0,0.0,-0.12061758935426237,-0.08337411073888668,0.05292998064844704,003490
7,영진약품,2023,Q1,헬스케어,-0.0429975109636127,0.0,0.0,0.0,0.0,-0.12061758935426237,-0.08337411073888668,-0.12751493529536184,003520
7,LG,2023,Q1,정보기술,-0.021585208806486254,0.0,0.0,0.0,0.0,-0.12061758935426237,-0.08337411073888668,-0.11107972284197581,003550
7,S&T중공업,2023,Q1,산업재,-0.015479490453795208,0.0,0.0,0.0,0.0,-0.12061758935426237,-0.08337411073888668,-0.028479162846139758,003570
7,쌍용차,2023,Q1,경기소비재,0.0,0.0,0.0,0.0,0.0,-0.12061758935426237,-0.08337411073888668,-0.25189808098564326,003620
7,남양유업,2023,Q1,생활소비재,-0.14136842400622174,0.0,0.0,0.0,-0.06497509295270176,-0.12061758935426237,-0.08337411073888668,-0.14653587963211323,003920
7,삼성정밀화학,2023,Q1,에너지_화학,0.08857069167211663,0.0,0.0,0.0,0.0,-0.12061758935426237,-0.08337411073888668,-0.036391422563455525,004000
7,현대제철,2023,Q1,철강_소재,-0.018297440196015237,0.0,0.0,0.0,0.0,-0.12061758935426237,-0.08337411073888668,-0.048063175218814744,004020
7,한솔홀딩스,2023,Q1,경기소비재,-0.057138712873934336,0.0,0.0,0.0,0.0,-0.12061758935426237,-0.08337411073888668,-0.14509680910748618,004150
7,신세계,2023,Q1,경기소비재,-0.05916883963494138,0.0,0.0,0.0,0.0,-0.12061758935426237,-0.08337411073888668,-0.04462812788132838,004170
7,농심,2023,Q1,생활소비재,0.04817080089397604,0.0,0.0,0.0,0.0,-0.12061758935426237,-0.08337411073888668,0.02837237111550478,004370
7,세방전지,2023,Q1,경기소비재,0.030740159975824806,0.0,0.0,0.0,0.0,-0.12061758935426237,-0.08337411073888668,-0.14838677367674155,004490
7,조광피혁,2023,Q1,경기소비재,-0.01757296417821786,0.0,0.0,0.0,0.0,-0.12061758935426237,-0.08337411073888668,-0.03723623801150944,004700
7,한솔테크닉스,2023,Q1,정보기술,0.17818140706246596,0.0,0.0,0.0,0.0,-0.12061758935426237,-0.08337411073888668,-0.057082373844836325,004710
7,효성,2023,Q1,에너지_화학,-0.01168097635031631,0.0,0.0,0.0,0.0,-0.12061758935426237,-0.08337411073888668,-0.10970465047223199,004800
7,삼광글라스,2023,Q1,철강_소재,-0.10419097835919167,0.0,0.0,0.0,0.0,-0.12061758935426237,-0.08337411073888668,-0.14846349759528193,005090
7,빙그레,2023,Q1,생활소비재,0.05721983925373751,0.0,0.0,0.0,0.0,-0.12061758935426237,-0.08337411073888668,0.0038271566715171526,005180
7,롯데칠성,2023,Q1,생활소비재,-0.1154013960664157,0.0,0.0,0.0,0.0,-0.12061758935426237,-0.08337411073888668,-0.12258151255371992,005300
7,현대차,2023,Q1,경기소비재,0.1625501261126868,0.0,0.0,0.0,0.0,-0.12061758935426237,-0.08337411073888668,-0.12921632158935242,005380
7,현대그린푸드,2023,Q1,생활소비재,0.0,-0.34676929150496905,0.0,0.0,0.0,-0.12061758935426237,-0.08337411073888668,-0.1294554152404964,005440
7,POSCO,2023,Q1,철강_소재,0.07761034656793306,0.0,0.0,0.0,0.0,-0.12061758935426237,-0.08337411073888668,0.5378390778086102,005490
7,삼립식품,2023,Q1,생활소비재,0.05611561802100263,0.0,0.0,0.0,0.0,-0.12061758935426237,-0.08337411073888668,-0.15021653276331445,005610
7,크라운제과,2023,Q1,생활소비재,-0.03870077982092998,0.0,0.0,0.0,0.0,-0.12061758935426237,-0.08337411073888668,-0.12217600288614477,005740
7,에스엘,2023,Q1,경기소비재,0.2625216443275829,0.0,0.0,0.0,0.0,-0.12061758935426237,-0.08337411073888668,0.022140164801598444,005850
7,삼성전자,2023,Q1,정보기술,0.03281908572503358,0.0,0.0,0.0,0.0,-0.12061758935426237,-0.08337411073888668,0.0035359450230512124,005930
7,SK케미칼,2023,Q1,에너지_화학,0.06870581589392949,0.0,0.0,0.0,0.0,-0.12061758935426237,-0.08337411073888668,0.10815352603681631,006120
7,LS,2023,Q1,산업재,0.2642891293053567,0.0,0.0,0.0,0.0,-0.12061758935426237,-0.08337411073888668,0.2085931753900197,006260
7,녹십자,2023,Q1,헬스케어,0.02518955971872306,0.0,0.0,0.0,0.0,-0.12061758935426237,-0.08337411073888668,-0.0883642258291437,006280
7,삼성SDI,2023,Q1,정보기술,-0.1574954555911215,0.0,0.0,0.0,0.0,-0.12061758935426237,-0.08337411073888668,-0.0990541303759573,006400
7,대한유화,2023,Q1,에너지_화학,-0.1975938177386253,0.0,0.0,0.0,0.0,-0.12061758935426237,-0.08337411073888668,-0.08681563459606115,006650
7,GS리테일,2023,Q1,생활소비재,-0.10480710195193943,0.0,0.0,0.0,0.0,-0.12061758935426237,-0.08337411073888668,-0.10015120560834488,007070
7,오뚜기,2023,Q1,생활소비재,0.006792620522862752,0.0,0.0,0.0,0.0,-0.12061758935426237,-0.08337411073888668,-0.21360309296137564,007310
7,동아타이어,2023,Q1,경기소비재,-0.010042012977869802,0.0,0.0,0.0,0.0,-0.12061758935426237,-0.08337411073888668,0.15154328445724835,007340
7,일양약품,2023,Q1,헬스케어,-0.03270437844605266,0.0,0.0,0.0,0.0,-0.12061758935426237,-0.08337411073888668,-0.04376133949357327,007570
7,국도화학,2023,Q1,에너지_화학,-0.06171496759203285,0.0,0.0,0.0,0.0,-0.12061758935426237,-0.08337411073888668,0.12116965380782872,007690
7,서연,2023,Q1,경기소비재,0.1357405586895126,0.0,0.0,0.0,0.0,-0.12061758935426237,-0.08337411073888668,-0.16324008224121533,007860
7,대덕전자,2023,Q1,정보기술,-0.07024964463828759,0.0,0.0,0.0,0.0,-0.12061758935426237,-0.08337411073888668,-0.020139870633995475,008060
7,서흥,2023,Q1,헬스케어,-0.07148922121958703,0.0,0.0,0.0,0.0,-0.12061758935426237,-0.08337411073888668,-0.08711301426865378,008490
7,호텔신라,2023,Q1,경기소비재,0.027152477936989855,0.0,0.0,0.0,0.0,-0.12061758935426237,-0.08337411073888668,0.061328194446527526,008770
7,삼성전기,2023,Q1,정보기술,-0.11883706181507349,0.0,0.0,0.0,0.0,-0.12061758935426237,-0.08337411073888668,0.06783699676991814,009150
7,한샘,2023,Q1,경기소비재,-0.09954028325980965,0.0,0.0,0.0,0.0,-0.12061758935426237,-0.08337411073888668,0.10692858728375394,009240
7,광동제약,2023,Q1,헬스케어,0.04456560647099108,0.0,0.0,0.0,0.0,-0.12061758935426237,-0.08337411073888668,0.05405369388834563,009290
7,현대중공업,2023,Q1,중공업,0.13813599448168395,0.0,0.0,0.0,0.0,-0.12061758935426237,-0.08337411073888668,0.33762832626216044,009540
7,무림P&P,2023,Q1,철강_소재,-0.034432687876599546,-0.06497263529091479,0.0,0.0,0.0,-0.12061758935426237,-0.08337411073888668,-0.11948345723663582,009580
7,모토닉,2023,Q1,경기소비재,-0.00043641934367581736,0.0,0.0,0.0,0.0,-0.12061758935426237,-0.08337411073888668,-0.11652222430265086,009680
7,한화케미칼,2023,Q1,에너지_화학,0.0,-0.0916663446174193,0.0,0.0,0.0,-0.12061758935426237,-0.08337411073888668,-0.2280743733857604,009830
7,OCI,2023,Q1,에너지_화학,0.19513661772793411,0.0,0.0,0.0,0.0,-0.12061758935426237,-0.08337411073888668,0.0,010060
7,LS산전,2023,Q1,산업재,0.11277501706591203,0.0,0.0,0.0,0.0,-0.12061758935426237,-0.08337411073888668,0.5275378484954165,010120
7,고려아연,2023,Q1,철강_소재,-0.13914484232180235,0.0,0.0,0.0,0.0,-0.12061758935426237,-0.08337411073888668,-0.02949819793436219,010130
7,삼성중공업,2023,Q1,중공업,0.04196396712869172,0.0,0.0,0.0,0.0,-0.12061758935426237,-0.08337411073888668,0.6250824887860814,010140
7,현대미포조선,2023,Q1,중공업,0.040972294643167435,0.0,0.0,0.0,0.0,-0.12061758935426237,-0.08337411073888668,0.30588950679142124,010620
7,화신,2023,Q1,경기소비재,0.33871152305409663,0.0,0.0,0.0,0.0,-0.12061758935426237,-0.08337411073888668,0.08821866324437147,010690
7,아이에스동서,2023,Q1,건설,-0.1481796641342082,0.0,0.0,0.0,0.0,-0.12061758935426237,-0.08337411073888668,-0.1648916859685114,010780
7,S-Oil,2023,Q1,에너지_화학,-0.105243000952106,0.0,0.0,0.0,0.0,-0.12061758935426237,-0.08337411073888668,0.046751974265665366,010950
7,LG이노텍,2023,Q1,정보기술,-0.03873947684560829,0.0,0.0,0.0,0.0,-0.12061758935426237,-0.08337411073888668,-0.13046491604285593,011070
7,롯데케미칼,2023,Q1,에너지_화학,-0.015133810228318691,0.247991133237496,0.0,0.0,0.0,-0.12061758935426237,-0.08337411073888668,-0.25414156388623677,011170
7,현대상선,2023,Q1,산업재,-0.06938492671878113,0.0,0.0,0.0,0.0,-0.12061758935426237,-0.08337411073888668,-0.17092408708233928,011200
7,현대위아,2023,Q1,경기소비재,0.04138724448866944,0.0,0.0,0.0,0.0,-0.12061758935426237,-0.08337411073888668,-0.05117007017263149,011210
7,금호석유,2023,Q1,에너지_화학,-0.13991940004791373,0.0,0.0,0.0,0.0,-0.12061758935426237,-0.08337411073888668,-0.09908015032564269,011780
7,SKC,2023,Q1,에너지_화학,-0.10057633428543933,0.0,0.0,0.0,0.0,-0.12061758935426237,-0.08337411073888668,0.06915617501024422,011790
7,현대모비스,2023,Q1,경기소비재,-0.004036470219109925,0.0,0.0,0.0,0.0,-0.12061758935426237,-0.08337411073888668,-0.011644261294332887,012330
7,한화테크윈,2023,Q1,중공업,0.08066978507345099,0.0,0.0,0.0,0.0,-0.12061758935426237,-0.08337411073888668,0.022853351384607694,012450
7,현대산업,2023,Q1,건설,-0.07444094751314137,0.0,0.0,0.0,0.0,-0.12061758935426237,-0.08337411073888668,-0.14014061774942949,012630
7,에스원,2023,Q1,경기소비재,-0.004050059905922039,0.0,0.0,0.0,0.0,-0.12061758935426237,-0.08337411073888668,-0.054901860115053595,012750
7,한솔케미칼,2023,Q1,에너지_화학,0.01637658282379737,0.0,0.0,0.0,0.0,-0.12061758935426237,-0.08337411073888668,-0.16692129165087075,014680
7,동원시스템즈,2023,Q1,에너지_화학,0.006889979758286119,0.0,0.0,0.0,0.0,-0.12061758935426237,-0.08337411073888668,-0.1522336995943268,014820
7,유니드,2023,Q1,에너지_화학,-0.286849925909164,0.0,0.0,0.0,0.0,-0.12061758935426237,-0.08337411073888668,-0.13226425763426072,014830
7,한국전력,2023,Q1,생활소비재,0.05526042307158455,0.0,0.0,0.0,0.0,-0.12061758935426237,-0.08337411073888668,-0.08901985447336633,015760
7,SK텔레콤,2023,Q1,커뮤니케이션서비스,0.032823120372152716,0.0,0.0,0.0,0.0,-0.12061758935426237,-0.08337411073888668,-0.12633529861621448,017670
7,현대엘리베이,2023,Q1,중공업,0.5753496570938968,0.0,0.0,0.0,0.0,-0.12061758935426237,-0.08337411073888668,0.04326490767553322,017800
7,삼성에스디에스,2023,Q1,정보기술,-0.07979013098223055,0.0,0.0,0.0,0.0,-0.12061758935426237,-0.08337411073888668,0.115007173898046,018260
7,한온시스템,2023,Q1,경기소비재,0.10636061757194201,0.0,-0.06492263295615952,0.0,0.0,-0.12061758935426237,-0.08337411073888668,-0.07879910595474549,018880
7,대교,2023,Q1,경기소비재,-0.04212243357621947,0.0,0.0,0.0,0.0,-0.12061758935426237,-0.08337411073888668,-0.09798014434583772,019680
7,한섬,2023,Q1,경기소비재,0.01419732671902986,0.0,0.0,0.0,0.0,-0.12061758935426237,-0.08337411073888668,-0.2867154789873976,020000
7,일진머티리얼즈,2023,Q1,정보기술,-0.1345877356486627,0.0,0.0,0.0,0.0,-0.12061758935426237,-0.08337411073888668,-0.13558241959374598,020150
7,코웨이,2023,Q1,경기소비재,-0.04274815674428206,0.0,0.0,0.0,0.0,-0.12061758935426237,-0.08337411073888668,-0.19221769552012402,021240
7,롯데쇼핑,2023,Q1,경기소비재,-0.012205086867058443,0.0,0.0,0.0,0.0,-0.12061758935426237,-0.08337411073888668,-0.14573029359238865,023530
7,한국단자,2023,Q1,산업재,0.1496668195291516,0.0,0.0,0.0,0.0,-0.12061758935426237,-0.08337411073888668,-0.19408448991482824,025540
7,남해화학,2023,Q1,에너지_화학,-0.04513299901708809,0.0,0.0,0.0,0.0,-0.12061758935426237,-0.08337411073888668,-0.13154500926763235,025860
7,삼성엔지니어링,2023,Q1,건설,0.07749482344260783,0.0,0.0,0.0,0.0,-0.12061758935426237,-0.08337411073888668,0.22446642607790984,028050
7,삼성물산,2023,Q1,경기소비재,-0.023137648077198036,0.0,0.0,0.0,0.0,-0.12061758935426237,-0.08337411073888668,-0.09760055052751491,028260
7,신도리코,2023,Q1,정보기술,0.02003855357259586,0.0,0.0,0.0,0.0,-0.12061758935426237,-0.08337411073888668,-0.08558121273685226,029530
7,제일기획,2023,Q1,커뮤니케이션서비스,-0.08124400252393199,0.0,0.0,0.0,0.0,-0.12061758935426237,-0.08337411073888668,-0.021654007406326094,030000
7,KT,2023,Q1,커뮤니케이션서비스,0.010661895697450643,0.0,0.0,0.0,0.0,-0.12061758935426237,-0.08337411073888668,-0.04013117666181618,030200
7,LG유플러스,2023,Q1,커뮤니케이션서비스,-0.016454861470923503,0.0,0.0,0.0,0.0,-0.12061758935426237,-0.08337411073888668,-0.14252943247576966,032640
7,세종공업,2023,Q1,경기소비재,0.41996850497005983,0.0,0.0,0.0,0.0,-0.12061758935426237,-0.08337411073888668,-0.18192626798601708,033530
7,KT&G,2023,Q1,생활소비재,-0.11801050185888873,0.0,0.0,0.0,0.0,-0.12061758935426237,-0.08337411073888668,-0.045784684525965166,033780
7,무학,2023,Q1,생활소비재,0.09152075309320146,0.0,0.0,0.0,0.0,-0.12061758935426237,-0.08337411073888668,-0.04775486317670235,033920
7,두산중공업,2023,Q1,중공업,-0.1538476240086925,0.0034598750625762786,0.0,0.0,0.0,-0.12061758935426237,-0.08337411073888668,0.06083898291324592,034020
7,SBS,2023,Q1,커뮤니케이션서비스,-0.20884391983456269,0.0,0.0,0.0,-0.0649740568467092,-0.12061758935426237,-0.08337411073888668,-0.28628315730740905,034120
7,LG디스플레이,2023,Q1,정보기술,-0.03526271081562244,0.0,0.0,0.0,0.0,-0.12061758935426237,-0.08337411073888668,-0.09839049844690133,034220
7,SK,2023,Q1,정보기술,-0.02972122647696558,0.0,0.0,0.0,0.0,-0.12061758935426237,-0.08337411073888668,-0.1270397541953937,034730
7,강원랜드,2023,Q1,경기소비재,-0.09722541744959796,0.0,0.0,0.0,0.0,-0.12061758935426237,-0.08337411073888668,-0.15278486518640635,035250
7,NAVER,2023,Q1,커뮤니케이션서비스,0.00631858920626744,0.0,0.0,0.0,0.0,-0.12061758935426237,-0.08337411073888668,0.013203277882944876,035420
7,한국가스공사,2023,Q1,생활소비재,-0.043305680653114534,0.0,0.0,0.0,0.0,-0.12061758935426237,-0.08337411073888668,-0.08128187759639563,036460
7,엔씨소프트,2023,Q1,커뮤니케이션서비스,-0.050681063999825866,0.0,0.0,0.0,0.0,-0.12061758935426237,-0.08337411073888668,-0.3421236263262457,036570
7,팜스코,2023,Q1,생활소비재,-0.0454691207593151,0.0,0.0,0.0,0.0,-0.12061758935426237,-0.08337411073888668,0.018395632763530914,036580
7,대우조선해양,2023,Q1,중공업,0.09363447692183444,0.0,0.0,0.0,0.0,-0.12061758935426237,-0.08337411073888668,0.8065046292814526,042660
7,두산인프라코어,2023,Q1,중공업,0.24954563002999428,0.00930425901685128,0.0,0.0,0.0,-0.12061758935426237,-0.08337411073888668,0.06160493444929492,042670
7,한미반도체,2023,Q1,정보기술,0.3726371736468788,0.0,0.0,0.0,0.0,-0.12061758935426237,-0.08337411073888668,1.307790103929623,042700
7,대우건설,2023,Q1,건설,-0.030223112328398756,0.0,0.0,0.0,0.0,-0.12061758935426237,-0.08337411073888668,0.05478737777618199,047040
7,대우인터내셔널,2023,Q1,산업재,0.20314542316747272,0.42591753222522954,0.0,0.0,0.0,-0.12061758935426237,-0.08337411073888668,2.2610300352168218,047050
7,한국항공우주,2023,Q1,산업재,0.13746408010837835,0.0,0.0,0.0,0.0,-0.12061758935426237,-0.08337411073888668,-0.06547424053407166,047810
7,동원F&B,2023,Q1,생활소비재,-0.038776095566564445,0.0,0.0,0.0,0.0,-0.12061758935426237,-0.08337411073888668,-0.1676826942253406,049770
7,한전KPS,2023,Q1,산업재,-0.03036839994891402,0.0,0.0,0.0,0.0,-0.12061758935426237,-0.08337411073888668,-0.12695182883572922,051600
7,LG생활건강,2023,Q1,생활소비재,-0.04558158822589467,0.0,0.0,0.0,0.0,-0.12061758935426237,-0.08337411073888668,-0.17802730342237955,051900
7,LG화학,2023,Q1,에너지_화학,-0.0472218674266497,0.0,0.0,0.0,0.0,-0.12061758935426237,-0.08337411073888668,-0.14147697958152422,051910
7,한전기술,2023,Q1,건설,-0.14834382949614142,0.0,0.0,0.0,0.0,-0.12061758935426237,-0.08337411073888668,0.029521178961284117,052690
7,한라홀딩스,2023,Q1,경기소비재,0.04639098597599858,0.0,0.0,0.0,0.0,-0.12061758935426237,-0.08337411073888668,0.041132753501631064,060980
7,현대로템,2023,Q1,중공업,0.2726016443656294,0.0,0.0,0.0,0.0,-0.12061758935426237,-0.08337411073888668,-0.13005328912382225,064350
7,S&T모티브,2023,Q1,경기소비재,0.013432648144472314,0.0,0.0,0.0,0.0,-0.12061758935426237,-0.08337411073888668,-0.10395273003086605,064960
7,LG전자,2023,Q1,정보기술,-0.09705128688246607,0.0,0.0,0.0,0.0,-0.12061758935426237,-0.08337411073888668,-0.1177287978467354,066570
7,휴켐스,2023,Q1,에너지_화학,0.12884360917004642,0.0,0.0,0.0,0.0,-0.12061758935426237,-0.08337411073888668,-0.05408836186878842,069260
7,대웅제약,2023,Q1,헬스케어,0.01965366423819441,0.0,0.0,0.0,0.0,-0.12061758935426237,-0.08337411073888668,-0.06986015896270115,069620
7,현대백화점,2023,Q1,경기소비재,-0.05568660044513515,0.0,0.0,0.0,0.0,-0.12061758935426237,-0.08337411073888668,0.24369770683332947,069960
7,금호타이어,2023,Q1,경기소비재,0.43124905149881104,0.0,0.0,0.0,0.0,-0.12061758935426237,-0.08337411073888668,-0.11116095509490581,073240
7,에이블씨엔씨,2023,Q1,생활소비재,0.34610935191975933,0.0,0.0,0.0,0.0,-0.12061758935426237,-0.08337411073888668,-0.09499247683403625,078520
7,GS,2023,Q1,에너지_화학,-0.04019605451713219,0.0,0.0,0.0,0.0,-0.12061758935426237,-0.08337411073888668,-0.06475395302776282,078930
7,현대리바트,2023,Q1,경기소비재,-0.0005452806271700195,0.0,0.0,0.0,0.0,-0.12061758935426237,-0.08337411073888668,0.009753082597443077,079430
7,휴비스,2023,Q1,에너지_화학,-0.013554355811930902,0.0,0.0,0.0,0.0,-0.12061758935426237,-0.08337411073888668,-0.11190420769319956,079980
7,두산엔진,2023,Q1,중공업,0.05311597503576032,0.0,0.0,0.0,0.0,-0.12061758935426237,-0.08337411073888668,0.3890620103454509,082740
7,베이직하우스,2023,Q1,경기소비재,-0.022015551519772324,0.0,0.0,0.0,0.0,-0.12061758935426237,-0.08337411073888668,0.0017758746202350961,084870
7,현대글로비스,2023,Q1,산업재,0.021111420406996893,0.0,0.0,0.0,0.0,-0.12061758935426237,-0.08337411073888668,-0.006006078661032178,086280
7,아모레퍼시픽,2023,Q1,생활소비재,-0.17687754275939044,0.0,0.0,0.0,0.0,-0.12061758935426237,-0.08337411073888668,0.09135121616408058,090430
7,LF,2023,Q1,경기소비재,-0.004848523634551752,0.0,0.0,0.0,0.0,-0.12061758935426237,-0.08337411073888668,-0.21779467122392265,093050
7,후성,2023,Q1,에너지_화학,-0.028302913971210198,0.0,0.0,0.0,0.0,-0.12061758935426237,-0.08337411073888668,-0.09901612818090144,093370
7,SK이노베이션,2023,Q1,에너지_화학,0.0803272153507631,0.0,0.0,0.0,-0.06372547454437993,-0.12061758935426237,-0.08337411073888668,0.03912453632181512,096770
7,한진중공업,2023,Q1,중공업,-0.051167895000215305,0.0,0.0,0.0,0.0,-0.12061758935426237,-0.08337411073888668,0.04927596136254106,097230
7,CJ제일제당,2023,Q1,생활소비재,-0.017709560609676888,0.0,0.0,0.0,0.0,-0.12061758935426237,-0.08337411073888668,-0.0763624167881985,097950
7,풍산,2023,Q1,철강_소재,0.06564280825471461,0.0,0.0,0.0,0.0,-0.12061758935426237,-0.08337411073888668,-0.1827580104026475,103140
7,한국철강,2023,Q1,철강_소재,-0.0887247530763517,0.0,0.0,0.0,0.0,-0.12061758935426237,-0.08337411073888668,-0.18370531086095038,104700
7,한세실업,2023,Q1,경기소비재,0.05831807565244887,0.0,0.0,0.0,0.0,-0.12061758935426237,-0.08337411073888668,0.07485307957265301,105630
7,LG하우시스,2023,Q1,건설,0.22373525003691946,0.0,0.0,0.0,0.0,-0.12061758935426237,-0.08337411073888668,0.15290346189240067,108670
7,영원무역,2023,Q1,경기소비재,-0.018533018685330617,0.0,0.0,0.0,0.0,-0.12061758935426237,-0.08337411073888668,0.3092382179570179,111770
7,GKL,2023,Q1,경기소비재,-0.06650151755693606,0.0,0.0,0.0,0.0,-0.12061758935426237,-0.08337411073888668,-0.21739647369924,114090
7,락앤락,2023,Q1,생활소비재,-0.07693829289283696,0.0,0.0,0.0,0.0,-0.12061758935426237,-0.08337411073888668,-0.0557954291272384,115390
7,코오롱인더,2023,Q1,에너지_화학,0.007215744922481462,0.0,0.0,0.0,0.0,-0.12061758935426237,-0.08337411073888668,0.2216512831016258,120110
7,한미약품,2023,Q1,헬스케어,0.1040982669244066,0.019823638162486334,0.0,0.0,0.0,-0.12061758935426237,-0.08337411073888668,0.05126414257970115,128940
7,이마트,2023,Q1,생활소비재,-0.22505946038126384,-0.06351947221896892,0.0,0.0,0.0,-0.12061758935426237,-0.08337411073888668,-0.12589506555070507,139480
7,삼양사,2023,Q1,생활소비재,0.07994251658988119,0.0,0.0,0.0,0.0,-0.12061758935426237,-0.08337411073888668,-0.1649531068798749,145990
7,한국타이어,2023,Q1,경기소비재,0.03240137810348083,0.0,0.0,0.0,0.0,-0.12061758935426237,-0.08337411073888668,0.04843972801885203,161390
7,한국콜마,2023,Q1,생활소비재,0.022101969815024207,0.0,0.0,0.0,0.0,-0.12061758935426237,-0.08337411073888668,0.31854906432887115,161890
7,동아에스티,2023,Q1,헬스케어,-0.05285487742783433,0.01990389492183109,0.0,0.0,0.0,-0.12061758935426237,-0.08337411073888668,0.22828194819849823,170900
7,종근당,2023,Q1,헬스케어,0.050323351298373425,0.048417097109635376,0.0,0.0,0.0,-0.12061758935426237,-0.08337411073888668,-0.04224943360334718,185750
7,코스맥스,2023,Q1,생활소비재,0.0021474449505059917,0.0,0.0,0.0,0.0,-0.12061758935426237,-0.08337411073888668,0.40067074506423156,192820
