,name,year,quarter,sector,Relative Return,Relative Return,비유동자산 변화율,이익잉여금 변화율,비유동부채 변화율,매출액 변화율,영업이익 변화율,Label,Code
21,경방,2019,Q3,경기소비재,-0.08417773824815472,-0.08417773824815472,-0.003845303324285343,0.008618372036872213,-0.009162380024417272,-0.0908777024518671,-0.1379644919655878,-0.10188173438043172,000050
21,하이트진로,2019,Q3,생활소비재,0.2802798329144396,0.2802798329144396,0.0006343433154849532,0.07165593032855733,-0.022929227600847035,0.009775092172608968,4.8057016164004915,0.038010294575439196,000080
21,유한양행,2019,Q3,헬스케어,-0.1288497439286522,-0.1288497439286522,-0.05868626795765031,0.005040004210535409,-0.2394896661525956,0.06843767466534079,21.87238151240216,0.256782615726154,000100
21,CJ대한통운,2019,Q3,산업재,0.013238908120392273,0.013238908120392273,0.00046986860452058465,-0.03841082507988558,0.023001297143054877,0.007111582786023529,0.319751110935907,-0.012301943884613586,000120
21,두산,2019,Q3,산업재,-0.1135768162663077,-0.1135768162663077,-0.04211369137168541,-0.011851886092780872,0.014476265042263403,-0.3095321465499066,-0.6071450406144832,-0.2979587451550505,000150
21,대림산업,2019,Q3,건설,-0.12059862893574436,-0.12059862893574436,-0.05375354340190086,0.009539286033366956,-0.11049403883766096,-0.1629417899811697,-0.422068209161119,-0.16662607758445078,000210
21,일동제약,2019,Q3,헬스케어,-0.08599350809354075,-0.08599350809354075,0.27813610333948535,0.00471655222465972,0.0007250424788451948,0.07842703109593785,0.45558059726875655,-0.15917565580621104,000230
21,한국타이어월드와이드,2019,Q3,경기소비재,-0.14771301028660141,-0.14771301028660141,0.008765161912390518,0.010255414077018798,-0.09951631913041592,0.06127105517397324,0.1714921581053348,-0.20232934492999802,000240
21,기아차,2019,Q3,경기소비재,-0.11778577207084691,-0.11778577207084691,-0.0005497461950441096,0.011686107334642815,-0.09472093352693278,-0.05718328209217216,-0.29211371861324775,-0.23837488290227263,000270
21,조선내화,2019,Q3,철강_소재,-0.03144183754940612,-0.03144183754940612,0.05455898024916017,0.013453926118402793,0.6372232778833598,-0.03795445193158342,-5.647318378388948,-0.0801617267083218,000480
21,동아쏘시오홀딩스,2019,Q3,헬스케어,-0.04576887464125747,-0.04576887464125747,0.0003904234672202911,0.01942815812996379,0.0035500761211957332,3.197166045413284,-2.5266115188463236,0.06765016639434585,000640
21,SK하이닉스,2019,Q3,정보기술,-0.01912626738862036,-0.01912626738862036,0.006626944254950917,0.010179056964029431,0.05390192609822253,0.06677504410234447,-0.15459180462012967,0.17186527887685207,000660
21,영풍,2019,Q3,철강_소재,-0.07773391307052892,-0.07773391307052892,-0.0020241654607037196,0.001026945375974364,-0.008623899036796057,-0.06767249275096132,-0.8076408214510364,-0.06864437869804776,000670
21,현대건설,2019,Q3,건설,-0.035704372441128854,-0.035704372441128854,0.006996744834302904,0.015687917863351775,0.005693120036222243,-0.1090789080029918,0.017616106154198174,-0.2516429718168658,000720
21,한화,2019,Q3,에너지_화학,0.02836554236532375,0.02836554236532375,0.0036384421075921214,0.0028909758518487205,0.04288958687500344,0.024139619440067817,-0.18855134842908527,-0.24633269163090102,000880
21,CJ,2019,Q3,생활소비재,0.0876596259759125,0.0876596259759125,0.0034708583210154575,0.0073445635061542,-0.0386824568722437,0.009361755813368289,0.70620321634364,-0.12836156294329962,001040
21,LG상사,2019,Q3,산업재,-0.14225060387512825,-0.14225060387512825,0.01864077282561505,0.0017539506903083701,-0.019033750123716664,-0.01899672238980743,1.3700259462132665,-0.2911200836905169,001120
21,동국제강,2019,Q3,철강_소재,-0.10926373781301162,-0.10926373781301162,0.0022842832152702996,-0.04065896588193629,0.278747290337477,-0.059688266739921,-0.3722594254498489,-0.23015265352589184,001230
21,세아베스틸,2019,Q3,철강_소재,-0.022017793378926218,-0.022017793378926218,-0.008291026036593041,-0.009394106420538062,0.12635223101804982,-0.14704193177747826,-2.5341369433514775,-0.40263041274606515,001430
21,대상,2019,Q3,생활소비재,-0.016678527527980727,-0.016678527527980727,0.03607698903771861,0.0319751527873644,-0.21948230487899012,0.11660446636080435,0.31120619367008695,-0.17116254653552745,001680
21,SK네트웍스,2019,Q3,경기소비재,0.05723596590228673,0.05723596590228673,-0.007855897352886387,0.01000407559473504,-0.011089823474998761,0.1442740943208447,0.098168252504506,-0.052208096620772165,001740
21,오리온,2019,Q3,생활소비재,0.02043666881706442,0.02043666881706442,0.007800447084038931,0.12956335298577826,0.00709350737493275,0.36448215843734566,1.60427633747544,-0.1504634047634513,001800
21,고려제강,2019,Q3,철강_소재,-0.1426712206449453,-0.1426712206449453,-0.0025180039290054745,0.002726227117547886,0.007376409109812521,-0.137657211994467,-0.588966702625529,-0.20833910725425817,002240
21,넥센타이어,2019,Q3,경기소비재,-0.006226561336162936,-0.006226561336162936,-0.00468824765848963,0.029447315178860567,0.002862210778075358,-0.08760558291536946,-0.24686305841113432,-0.3556524336737552,002350
21,KCC,2019,Q3,건설,-0.0627374078954682,-0.0627374078954682,-0.0010719597334636344,-0.012743550981878626,-0.12970045393273688,-0.046688310862271765,-0.09091138372183505,-0.17376325794838146,002380
21,아모레G,2019,Q3,생활소비재,0.3027252659402598,0.3027252659402598,0.027868682195731243,0.07203738069164145,-0.011599316778774904,0.0625346517754981,-398.63361860141833,-0.14143855502809646,002790
21,한국쉘석유,2019,Q3,에너지_화학,-0.037728287458142225,-0.037728287458142225,0.05436104679562925,0.06504781472711563,-0.19589062319298312,-0.04834237975782807,-0.1604021734500345,-0.10057360396162093,002960
21,부광약품,2019,Q3,헬스케어,-0.049339076952516575,-0.049339076952516575,-0.0625022854592715,-0.007423508052338268,0.008991730858879388,-0.03659201787251187,-1.3901963776580588,0.4942607469637431,003000
21,세아제강,2019,Q3,철강_소재,-0.1571294559099436,-0.1571294559099436,0.006098276048332574,0.004590828162763794,-0.024300951335158083,0.606989824781458,-1.486585690693204,-0.35538363092121505,003030
21,일신방직,2019,Q3,경기소비재,-0.23515143393192162,-0.23515143393192162,0.010659583649183402,0.0007342027422769792,0.098444212987719,-0.06286212327315432,-0.6310691222541351,-0.2212099224369856,003200
21,태광산업,2019,Q3,에너지_화학,-0.04377677085914533,-0.04377677085914533,0.0031841028806824934,0.019420700867384566,0.13502627550919422,-0.11805889739763575,-0.4072577506440517,-0.2713009299143567,003240
21,한일시멘트,2019,Q3,건설,-0.03312599588747128,-0.03312599588747128,0.1910115696514958,-7.013769151176241e-05,1.5091836366538334,0.09221927195528346,0.06820392035921397,-0.1571609347295915,003300
21,대한항공,2019,Q3,산업재,0.025140861976313933,0.025140861976313933,-0.0033284335054757364,-3.989722220154631,0.047852237021473565,0.08703994589919839,-2.161913873673231,-0.1087596196296142,003490
21,영진약품,2019,Q3,헬스케어,0.24044015239586103,0.24044015239586103,-0.015481022147876944,0.1933074469608944,0.005001026338726788,-0.06673060173050749,-0.1876910340488266,-0.038869018300790426,003520
21,LG,2019,Q3,정보기술,-0.059076556994462875,-0.059076556994462875,-0.019541317621319054,0.005851409866267199,0.03868277945619325,0.02858538471714822,0.5108206556674524,-0.026056770304569987,003550
21,S&T중공업,2019,Q3,산업재,-0.12905589489096198,-0.12905589489096198,0.007735660272080169,0.01199430946832969,0.007005352027237732,-0.1281602943351382,-0.3039720809286217,0.037368526319802337,003570
21,쌍용차,2019,Q3,경기소비재,-0.3314040789789173,-0.3314040789789173,-0.019638518185609133,0.6763822509510684,0.0627398127810801,-0.10384116105012353,1.221842000520529,-0.24965893605324915,003620
21,남양유업,2019,Q3,생활소비재,-0.21883060991489223,-0.21883060991489223,-0.015074503681693718,-0.0008062929379824002,-0.04105017498192376,-0.035528723105934246,-30.54857577313776,-0.21975698492432408,003920
21,삼성정밀화학,2019,Q3,에너지_화학,-0.06714316158066486,-0.06714316158066486,-0.007140331398971078,0.04484674645948106,0.23573150423993927,-0.020205818353839278,-0.020922143827116768,-0.19101586917316035,004000
21,현대제철,2019,Q3,철강_소재,-0.23592363470412236,-0.23592363470412236,0.0016144660747736683,-0.004507150868397036,0.023264205626819745,-0.1113385366684494,-0.8447280969451361,-0.27326187784493083,004020
21,한솔홀딩스,2019,Q3,경기소비재,-0.12828546915520633,-0.12828546915520633,0.12527411763841756,0.03800649706079384,-0.05201316697062852,-0.14747607795290285,0.6017331197532669,-0.20363961817776619,004150
21,신세계,2019,Q3,경기소비재,0.06796373283963282,0.06796373283963282,-0.004423978984251953,0.020949312449963564,-0.02791374876739161,0.048188087098858245,0.5496590964545185,0.011487325837382184,004170
21,농심,2019,Q3,생활소비재,-0.00952486751588151,-0.00952486751588151,0.09673860936494516,0.007211417464328518,-0.00958180933975461,0.01714105441926317,1.9719871807574787,0.2389364481694069,004370
21,세방전지,2019,Q3,경기소비재,-0.047217827068810836,-0.047217827068810836,-0.0032912105877934694,0.02148919837434282,0.18631505603803933,0.05380907009515612,0.07453878018876048,-0.20356217084195452,004490
21,조광피혁,2019,Q3,경기소비재,-0.01831826709875478,-0.01831826709875478,0.055376999404750826,0.0213553672894371,0.12258776229117974,-0.12350489876252657,-0.1285821219026566,0.17964923513240655,004700
21,한솔테크닉스,2019,Q3,정보기술,-0.03381547227701083,-0.03381547227701083,-0.011038453416539196,0.9305731994700099,0.05711087944598492,0.3899521690821708,1.0662119048084326,-0.16385875546968584,004710
21,효성,2019,Q3,에너지_화학,-0.12678915871389274,-0.12678915871389274,-0.0005924831367486449,0.00018383020120515958,-0.03369707833186386,0.24586731607601453,-4.492899134221415,-0.09429147063849228,004800
21,삼광글라스,2019,Q3,철강_소재,-0.20192616725131085,-0.20192616725131085,-0.10252109725951652,-0.024821525533567534,-0.19406254651741128,-0.4338666643091328,-0.754157342111921,0.012278646620486292,005090
21,빙그레,2019,Q3,생활소비재,-0.14858969059051724,-0.14858969059051724,-0.000355805271806231,0.6921604352854518,0.08787322272725495,0.07284684675111164,0.09303866249728943,-0.04657183270994533,005180
21,롯데칠성,2019,Q3,생활소비재,-0.10676315554364323,-0.10676315554364323,-0.005505573822425891,0.01680049832323105,0.003006467181135841,-0.020517668437002756,0.024044854019741546,-0.18874623829601198,005300
21,현대차,2019,Q3,경기소비재,-0.1417448405253282,-0.1417448405253282,0.027340191675281345,0.0046343490294000755,0.016014318725297683,-0.12498175121198585,-0.9819342545765368,-0.13813664420007102,005380
21,현대그린푸드,2019,Q3,생활소비재,-0.10379415904414765,-0.10379415904414765,0.004372174107435622,0.02085962607204883,-0.1113982656045811,0.08098849655977225,0.18073049784474882,-0.2512865642853134,005440
21,POSCO,2019,Q3,철강_소재,-0.0369371482176359,-0.0369371482176359,0.018178597318007306,0.007239720428508178,0.2195101750710271,0.034784114886201145,-0.08535515150158812,-0.07712050684768068,005490
21,삼립식품,2019,Q3,생활소비재,-0.009357330657772722,-0.009357330657772722,0.5826182425775157,0.016068992950110106,3.4075708261171602,0.03357728639936264,-0.3609437799589216,-0.21491658150414625,005610
21,크라운제과,2019,Q3,생활소비재,-0.11345583980642095,-0.11345583980642095,-0.00019878703060449698,0.0017164083840812694,-0.09397742508412488,0.4414980708065164,4.665485341620225,-0.2034993236259083,005740
21,에스엘,2019,Q3,경기소비재,-0.18329210181141964,-0.18329210181141964,0.06078393799839121,0.012505917334654004,0.01627511275467941,-0.15063839965071701,-1.201089286034989,-0.2759377125916084,005850
21,삼성전자,2019,Q3,정보기술,0.0964626239919313,0.0964626239919313,-0.0021801297177039825,0.012914860324851674,-0.016681434263203898,0.10629807740952124,-0.04690153362806104,0.10129919395021802,005930
21,SK케미칼,2019,Q3,에너지_화학,-0.042359522646859646,-0.042359522646859646,0.17619720569684505,-0.001824103171665592,-0.006895819169631334,0.2940085564217194,0.08031928650714248,-0.07123729214823515,006120
21,LS,2019,Q3,산업재,0.06602178898043175,0.06602178898043175,0.008246268331576045,0.0016609717275126723,0.022196842002470962,-0.05413630284090998,-1.1994694960212202,-0.2392233589271565,006260
21,녹십자,2019,Q3,헬스케어,0.032018250843396975,0.032018250843396975,0.03323249693002572,0.04092867020788682,0.006459069304300735,0.044307492236894896,1.1141748849629853,0.158163355799929,006280
21,삼성SDI,2019,Q3,정보기술,-0.15386900337354675,-0.15386900337354675,0.006294817081210269,0.01711332787797737,-0.06256526518753847,0.05881921991854755,0.357672069404003,0.22598516810216482,006400
21,대한유화,2019,Q3,에너지_화학,-0.06653316451771263,-0.06653316451771263,-0.016077793636578463,0.03803086443760462,0.03174044700340706,0.4497102960062369,-4.600968670983557,-0.16662238439374627,006650
21,GS리테일,2019,Q3,생활소비재,-0.08304177194964817,-0.08304177194964817,-0.0005380101437516549,0.028858877104721348,0.19279170474774476,0.03037393017945078,0.15263544883128333,-0.1010458152912597,007070
21,오뚜기,2019,Q3,생활소비재,-0.15989466455750517,-0.15989466455750517,0.05222590632538959,0.019410056883409688,0.0917911337659294,0.035239048790653094,0.015215392245295112,-0.02672794854789709,007310
21,동아타이어,2019,Q3,경기소비재,-0.09927232210918031,-0.09927232210918031,0.10371239118647568,0.006767473103717059,-0.038328403195259986,0.034832002913544935,-0.09244877200391532,0.02806646941370841,007340
21,일양약품,2019,Q3,헬스케어,0.0009108570242173653,0.0009108570242173653,-0.011173386203813807,0.365986092847872,0.00043352710092570135,0.2952523567654959,0.02177473262843521,0.533506131293737,007570
21,국도화학,2019,Q3,에너지_화학,-0.048881088299342665,-0.048881088299342665,0.06274415760210639,0.024261678888175542,0.25666106844236847,-0.0681912706342217,-0.2581801586999267,-0.055327016144239044,007690
21,서연,2019,Q3,경기소비재,-0.06464138422368734,-0.06464138422368734,-0.1719851008060339,-0.060190036005955516,-0.05932598564518077,0.1561285685742766,-1.5611090060729642,-0.13214314346151854,007860
21,대덕전자,2019,Q3,정보기술,-0.026854043612573375,-0.026854043612573375,0.10198826946155015,0.23048452294962707,-0.21409233465839872,0.01024699407881724,-0.5926252457618462,-0.18100158147013987,008060
21,서흥,2019,Q3,헬스케어,-0.015601577909270123,-0.015601577909270123,0.0390804564549847,0.02326501702025885,-0.011611725359112701,-0.054312059802446355,-0.3379047649706759,0.18604052287442419,008490
21,호텔신라,2019,Q3,경기소비재,-0.04680556927026748,-0.04680556927026748,-0.036305490326038914,0.04846075992352228,-0.06166393132894621,0.10826098675874118,-0.2280851785509398,0.038472413327468785,008770
21,삼성전기,2019,Q3,정보기술,0.1282414232109355,0.1282414232109355,0.013839957472814746,0.3267228269430811,0.11506118644821584,0.11999227548834912,0.21574583846577955,0.07248153761811083,009150
21,한샘,2019,Q3,경기소비재,-0.16050585050771224,-0.16050585050771224,0.008799449861513375,0.012036434779854721,0.040400751159331394,-0.02560981732931722,-0.00502005791983251,0.010532636845680649,009240
21,광동제약,2019,Q3,헬스케어,0.003166220848214024,0.003166220848214024,0.008846122162015524,0.009851843275640926,-0.015681426213724703,-0.0624128645478943,-0.38252467095837595,-0.14322553308895988,009290
21,현대중공업,2019,Q3,중공업,0.09847951844903076,0.09847951844903076,-0.002376325086492659,-0.0006264558783983798,0.18689356149810332,-0.9812881376541486,-1.4506549157309534,-0.1571627311565927,009540
21,무림P&P,2019,Q3,철강_소재,0.009717781359828884,0.009717781359828884,-0.0077987608802240205,0.009909477493208696,0.07360608223306975,-0.09729627817080866,-0.5895756465591832,-0.24961119541443214,009580
21,모토닉,2019,Q3,경기소비재,-0.18709948587997355,-0.18709948587997355,-0.04541284816669022,0.003629629631400677,0.00299017145672531,-0.09351106066681925,1.6052259133337068,-0.09938381401139176,009680
21,한화케미칼,2019,Q3,에너지_화학,-0.03333126474648297,-0.03333126474648297,0.016522710893101422,0.018884962124732896,-0.025543273071992556,0.021613049775152993,0.4367406901440638,-0.1158108083338096,009830
21,OCI,2019,Q3,에너지_화학,-0.18451559841813958,-0.18451559841813958,-0.009056232028448519,-0.017870032984960815,-0.28762922176067474,0.005805477307788909,10.504732562909556,-0.2930081071585504,010060
21,LS산전,2019,Q3,산업재,0.030747183579599116,0.030747183579599116,0.00022217559114756646,0.029786942635889435,0.010285620164085074,-0.026005583899081808,0.27427839466636694,-0.18167880305954145,010120
21,고려아연,2019,Q3,철강_소재,-0.14105694574294525,-0.14105694574294525,0.009092219855980854,0.02421250824795229,-0.004248842451485713,-0.048441178936174834,-0.2050634947250658,0.021251591094046646,010130
21,삼성중공업,2019,Q3,중공업,-0.07738286074076976,-0.07738286074076976,-0.003002861760879716,-0.26854599881736807,0.15661036591656718,0.10677990771740498,9.894211697592908,-0.291525323445354,010140
21,현대미포조선,2019,Q3,중공업,0.002390528022572974,0.002390528022572974,-0.00031809923480330404,0.012015905488688583,0.37399933980726074,-0.1267333315080249,-0.307971238982105,-0.21085323187779612,010620
21,화신,2019,Q3,경기소비재,0.4370000987459269,0.4370000987459269,-0.0014325225241510475,0.040298164669639425,0.341089094528531,0.01437208184105443,-9.583477397441499,-0.3629334821447351,010690
21,아이에스동서,2019,Q3,건설,0.028257710820506723,0.028257710820506723,0.046013521014190095,0.021470786337603798,0.1041824679471488,-0.02852727465707905,0.8812150501226053,-0.17896627382970062,010780
21,S-Oil,2019,Q3,에너지_화학,0.019029750737067933,0.019029750737067933,0.0031570506105207397,0.008238140472229372,-0.027396983517456786,-0.0036161559241302266,-3.550898468131164,-0.2426284406694376,010950
21,LG이노텍,2019,Q3,정보기술,-0.0026629546692488043,-0.0026629546692488043,-0.01142560923185143,0.1502700579413636,-0.012830934888766965,0.61546665174393,-12.13069137698396,0.08242806168228194,011070
21,롯데케미칼,2019,Q3,에너지_화학,-0.1083213502959046,-0.1083213502959046,0.012146935138033443,0.006190101478311227,-0.09356575053031846,-0.04639890166406102,-0.19958869446126803,-0.04955822470702606,011170
21,현대상선,2019,Q3,산업재,-0.04180474946374182,-0.04180474946374182,0.058005739660460964,0.03223017124899075,0.10114761211545376,0.04026129948216184,-0.5732107316296473,-0.03853545725645083,011200
21,현대위아,2019,Q3,경기소비재,0.1819999775308671,0.1819999775308671,0.013421961336965271,0.007331046856704049,-0.06085153021463674,-0.05957458259579962,0.4084065595791124,-0.354429581003045,011210
21,금호석유,2019,Q3,에너지_화학,-0.09121797013544412,-0.09121797013544412,-0.012849745898348974,0.03008892292396359,-0.11936199591701246,-0.02821985726277554,-0.3206248943974561,-0.02769505733276595,011780
21,SKC,2019,Q3,에너지_화학,0.02215094111238891,0.02215094111238891,0.006449795569089867,0.013285896800760755,-0.00843226992359336,-0.0576664827272908,-0.06005524126428541,0.02243326730435377,011790
21,현대모비스,2019,Q3,경기소비재,-0.080449806445484,-0.080449806445484,0.006282384488331516,0.016665372454295557,0.06064336976950635,-0.07811103636815964,-0.11320886904129646,-0.13118469348138515,012330
21,한화테크윈,2019,Q3,중공업,-0.03619378754854341,-0.03619378754854341,0.11059099217698587,0.010742867073479268,0.23599861551142798,0.02162126967582978,0.5544999432620548,-0.3082987403588092,012450
21,현대산업,2019,Q3,건설,-0.15566204781602946,-0.15566204781602946,-0.003749084390301527,0.022191991907262176,-0.09128941292236259,-0.2551885155392586,-0.09409634753847995,-0.17061323994475183,012630
21,에스원,2019,Q3,경기소비재,-0.1794371482176359,-0.1794371482176359,0.0033928914561625056,0.027807687072519016,0.02282881959056815,-0.015384556456776721,-0.13880907370589568,0.02023962698636969,012750
21,한솔케미칼,2019,Q3,에너지_화학,0.06596689218640452,0.06596689218640452,0.009187003483564382,0.07218764038942083,0.005052078379952807,0.052786476637427304,0.1728953510819573,0.009274551997223518,014680
21,동원시스템즈,2019,Q3,에너지_화학,-0.2038720552276502,-0.2038720552276502,0.018039536370551,0.030188586192422706,1.2242311198962614,-0.03338599433472067,-0.45219787273983414,-0.2702312128901668,014820
21,유니드,2019,Q3,에너지_화학,-0.08732457928818163,-0.08732457928818163,-0.06685189316154638,0.05360880864938555,-0.06814822508895346,-0.0001548117343321831,-0.5313537766520084,-0.1105350100648009,014830
21,한국전력,2019,Q3,생활소비재,-0.013779777699707618,-0.013779777699707618,-0.004258078938752741,-0.0007755803989889509,0.015482355669758086,0.2137079634292378,1.589779914768462,-0.15232934492999803,015760
21,SK텔레콤,2019,Q3,커뮤니케이션서비스,-0.07615511704422152,-0.07615511704422152,0.029412059311865857,0.005167917927432875,0.07330911524745165,0.022415499854796073,-0.08162049232446178,-0.10149247594003277,017670
21,현대엘리베이,2019,Q3,중공업,-0.10425607166677874,-0.10425607166677874,0.054721894388434,0.047769969704730686,-0.49861807331404395,0.00034945760617199895,-0.1869014837319264,-0.1495381476043766,017800
21,삼성에스디에스,2019,Q3,정보기술,-0.12666487098991314,-0.12666487098991314,-0.016683793849118334,0.021223054119902995,0.04303576859702973,-0.11395045447091612,-0.29051853004774797,-0.08633409967080893,018260
21,한온시스템,2019,Q3,경기소비재,-0.1293516781321658,-0.1293516781321658,0.004283164727729938,-0.03138482777961238,0.0018662659730175335,-0.07797702468611911,-1.255614976657932,-0.05565243367375522,018880
21,대교,2019,Q3,경기소비재,-0.06449538449051444,-0.06449538449051444,0.004094227947811557,-0.004686934027820722,0.3918455468092992,-0.013837496918514214,1.358673062069573,-0.22981818513105015,019680
21,한섬,2019,Q3,경기소비재,-0.05796984359243654,-0.05796984359243654,0.01670016523295348,0.023494915592260135,1.3794023248788045,0.03431181798716265,1.8072972627402653,-0.25682909132998033,020000
21,일진머티리얼즈,2019,Q3,정보기술,-0.07650721191190342,-0.07650721191190342,-0.0135245777359978,0.12444346231912529,0.009322587671531268,0.08518821603927984,-0.10662282761860031,-0.04097030756640763,020150
21,코웨이,2019,Q3,경기소비재,-0.04474035868136955,-0.04474035868136955,0.15538421958715531,0.05616967215496582,0.0345175808835414,0.02478234188582129,0.25648850812006896,-0.17509935606447777,021240
21,롯데쇼핑,2019,Q3,경기소비재,-0.05200631817811021,-0.05200631817811021,-0.03294922620796126,0.0008959956194274366,0.01935961397334318,0.017175055605221035,-6.182209783408153,-0.2864795013429281,023530
21,한국단자,2019,Q3,산업재,-0.3661595562443917,-0.3661595562443917,0.03526333959242334,0.0027394171662156186,0.03587680879844757,-0.020866594102559866,-0.5647297949165593,-0.28201623370976314,025540
21,남해화학,2019,Q3,에너지_화학,-0.13697981033367684,-0.13697981033367684,0.0002814016991554702,0.0025909017326375405,0.09871685698012955,-0.21448935993831442,-0.9109515913905311,-0.1469837030236004,025860
21,삼성엔지니어링,2019,Q3,건설,0.125318552108097,0.125318552108097,-0.0037297745203619392,1.1928456382467814,-0.003248039598763852,0.007910382597994703,0.019843263040230985,-0.28822258584463334,028050
21,삼성물산,2019,Q3,경기소비재,0.02472392560786746,0.02472392560786746,-0.01141470159307234,0.022959185589199738,-0.006270139014798004,-0.08315571408537681,-0.5926909521771802,0.05977226669101811,028260
21,신도리코,2019,Q3,정보기술,-0.11749472031828928,-0.11749472031828928,-0.012980846568642623,0.004615148907222144,0.052910746925739494,-0.05250400296894331,-1.8187191118641808,-0.28160462578843937,029530
21,제일기획,2019,Q3,커뮤니케이션서비스,-0.1747267235072112,-0.1747267235072112,-0.044303822691770134,0.03171588394201885,-0.044953532821404685,-0.13991169573652307,-0.5150833881039572,-0.1738042851186514,030000
21,KT,2019,Q3,커뮤니케이션서비스,-0.0845395690742467,-0.0845395690742467,0.010426582898758419,0.006679263200211949,-0.02383716776221778,0.032289809341963016,0.0344937636028797,-0.09588076184712982,030200
21,LG유플러스,2019,Q3,커뮤니케이션서비스,0.0037374549569672705,0.0037374549569672705,0.061296467596757775,0.030184311481292747,0.3069936252185719,0.012910455506179419,0.007571226709605305,-0.07482400882100962,032640
21,세종공업,2019,Q3,경기소비재,-0.08395042255391909,-0.08395042255391909,0.02421309738534183,0.005432760988570262,0.03576458481498945,-0.07503042334365317,-0.026504180261039845,-0.2350383985860359,033530
21,KT&G,2019,Q3,생활소비재,-0.11894934333958712,-0.11894934333958712,0.05516663000035327,0.5153783380156587,0.04075226827741796,-0.10973648063488706,-0.16188095292533833,-0.01591734657680033,033780
21,무학,2019,Q3,생활소비재,-0.24388159266208032,-0.24388159266208032,-0.03493333549312505,-0.010904308075077251,-0.1025416452293283,-0.17511044354973404,-0.028968518659858167,-0.32663101649444326,033920
21,두산중공업,2019,Q3,중공업,-0.05537702880235898,-0.05537702880235898,0.005564443438498934,-0.1569984614371036,-0.3192742485268484,-0.1541772224466259,-1.7500694594508177,-0.200533799474666,034020
21,SBS,2019,Q3,커뮤니케이션서비스,-0.07200350276262103,-0.07200350276262103,-0.006737486131390025,-0.009691855631896895,1.2592409285929618,-0.19573066390525984,-1.581393149253616,0.18947890815746865,034120
21,LG디스플레이,2019,Q3,정보기술,0.01689263455515619,0.01689263455515619,-0.015471550757382158,-0.06665703186796457,0.13885519231705334,0.10061100563801051,0.42942858934350725,-0.04806081581326507,034220
21,SK,2019,Q3,정보기술,0.24928080050031282,0.24928080050031282,0.005196774778963409,0.007753629793606276,-0.00625317785552415,-0.055187408032008944,-0.20114820327450567,-0.21643341839361938,034730
21,강원랜드,2019,Q3,경기소비재,-0.03683139525655299,-0.03683139525655299,0.07116690639656698,0.035760789257158754,0.760196003738685,0.11470041093912342,-0.193752472258642,-0.18464211043801312,035250
21,NAVER,2019,Q3,커뮤니케이션서비스,0.00933478160692551,0.00933478160692551,0.05262471492017018,0.05048442604250214,0.03308969712058274,-0.003950757466977817,-0.018157024238856345,0.13536923815287016,035420
21,한국가스공사,2019,Q3,생활소비재,-0.07251407129455897,-0.07251407129455897,0.028593474725793433,-0.07433913497733058,0.025878165887932347,-0.08629889389593237,-2.138109274699902,-0.30315210554670446,036460
21,엔씨소프트,2019,Q3,커뮤니케이션서비스,-0.09366791744840514,-0.09366791744840514,-0.15116709458031508,0.05576589410853927,-0.0355432913666639,-0.04099169897115573,-0.03599120691702651,0.34424826146030635,036570
21,팜스코,2019,Q3,생활소비재,-0.050135660412831504,-0.050135660412831504,0.04566112789923649,-0.01812210369324818,-0.0066780425682688715,-0.010916997300108977,-0.011074186386846985,-0.2482487603265782,036580
21,대우조선해양,2019,Q3,중공업,0.06020263892931456,0.06020263892931456,0.009223886826534411,-0.3449530086852779,0.025839369252833144,-0.10754927336706799,-2.5270265878978897,-0.36940018108676353,042660
21,두산인프라코어,2019,Q3,중공업,-0.1328371482176359,-0.1328371482176359,0.0010760255781523398,0.0989393859992993,-0.530058940720822,-0.1672896848886164,-0.5596625691064483,-0.2919342603118671,042670
21,한미반도체,2019,Q3,정보기술,-0.06121368468929442,-0.06121368468929442,-0.164189088428788,0.0783449570448016,0.285234472263058,0.5733768305558542,-6.241589288610409,0.24713102901755674,042700
21,대우건설,2019,Q3,건설,0.09272467226276866,0.09272467226276866,-0.03604867909939358,-22.894710350654474,-0.1381842844485871,-0.08919844545583289,0.11815840346615825,-0.23804152742724724,047040
21,대우인터내셔널,2019,Q3,산업재,-0.0314484796623951,-0.0314484796623951,-0.0401161696933634,0.00888639239653588,0.0592221731241338,-0.09938590837780936,-0.20178208361533256,-0.2579080727714995,047050
21,한국항공우주,2019,Q3,산업재,-0.11891766769815537,-0.11891766769815537,0.10887914582827318,0.06949703219315895,-0.009092533248561518,-0.29546231035459747,-0.5750443990396701,-0.27274543248236127,047810
21,동원F&B,2019,Q3,생활소비재,-0.12204010468434175,-0.12204010468434175,0.12449545288815145,0.8393374186472,0.2990837312854917,0.26587708443436586,3.1286943843483828,-0.08686428611843175,049770
21,한전KPS,2019,Q3,산업재,-0.03653392241118429,-0.03653392241118429,0.006516983417321098,0.0444223245461004,0.20496055921532963,-0.09704635407006257,-0.05502463106363631,0.08113376551161337,051600
21,LG생활건강,2019,Q3,생활소비재,-0.07488168674430822,-0.07488168674430822,0.06634372751062467,0.0588657941872468,-0.1583750988451056,0.08702416770775412,0.1329012979345885,0.07819199737112377,051900
21,LG화학,2019,Q3,에너지_화학,-0.09624735555415903,-0.09624735555415903,0.030291721039268582,0.011316311985866578,0.022739746162523167,0.07143187611988044,-0.12092976393936905,0.12656886761095262,051910
21,한전기술,2019,Q3,건설,0.026967346164386577,0.026967346164386577,0.010303840481905802,-0.006627303422144237,0.07046718104684246,-0.18043048181301535,-1.7025910347047553,-0.09866332749184156,052690
21,한라홀딩스,2019,Q3,경기소비재,-0.038793583861200256,-0.038793583861200256,0.01715567281615349,0.030499572391549545,0.0332820022286382,0.08539773717330923,1.8115243841825754,-0.20022866297941375,060980
21,현대로템,2019,Q3,중공업,-0.0963121482176359,-0.0963121482176359,-0.014124469168038334,-0.9477945865902585,0.27698333334615466,-0.017262920006673066,0.036598630875237737,-0.16266997753340431,064350
21,S&T모티브,2019,Q3,경기소비재,-0.19372125952385508,-0.19372125952385508,0.018451417945259285,0.04053048740139675,0.041263987244989586,-0.06561950201845723,0.15209743128157172,-0.07890522229681907,064960
21,LG전자,2019,Q3,정보기술,0.037752934426992193,0.037752934426992193,-0.01401963933315753,-0.041981518610762825,-0.009147709604505394,-0.16847645219768537,-1.4561052313633052,-0.1049964682469918,066570
21,휴켐스,2019,Q3,에너지_화학,-0.045698830460626554,-0.045698830460626554,0.0824952904208629,0.06132224332201108,-0.02212710764530612,0.17396599021800463,0.31017963644991453,-0.1877437238460887,069260
21,대웅제약,2019,Q3,헬스케어,-0.28372717842911627,-0.28372717842911627,-0.0038456491618427124,0.0006886904888470102,-0.0002123214987461708,-0.07966116713014104,-0.8361438257375029,-0.22784965535248733,069620
21,현대백화점,2019,Q3,경기소비재,0.010888170028474434,0.010888170028474434,0.010883778034328495,0.012521817163289928,-0.01418587737047472,-0.040016118471109974,0.008851313665545701,-0.11216492702835382,069960
21,금호타이어,2019,Q3,경기소비재,-0.1006318913478629,-0.1006318913478629,0.0038435557887681604,0.028590761816936983,0.025104199538487304,-0.08275013782196783,-0.3228149682068313,-0.11743188229530907,073240
21,에이블씨엔씨,2019,Q3,생활소비재,-0.10865373807938705,-0.10865373807938705,-0.008066237277941757,-0.044767026079388206,-0.15176896555459263,-0.20024719007404512,-16.579927799933067,-0.09882021227518836,078520
21,GS,2019,Q3,에너지_화학,-0.04186785184236937,-0.04186785184236937,-0.00025002739246793304,0.003848855385556016,0.0012759028129436523,-0.028008580838142394,0.17667632657139998,-0.06119148290974841,078930
21,현대리바트,2019,Q3,경기소비재,-0.13169521273376494,-0.13169521273376494,0.20215935322079126,0.019031573900538,0.4189841062663633,-0.00790750642242577,0.1784731808411606,-0.33155886642229326,079430
21,휴비스,2019,Q3,에너지_화학,-0.10887111048178684,-0.10887111048178684,0.019197628123541532,0.007369547386346875,0.41626343675618727,-0.09400073739642023,1.5249456830008055,-0.21726767868282962,079980
21,두산엔진,2019,Q3,중공업,0.4556289310775183,0.4556289310775183,-0.008101164855986553,2.0181293417650137,-0.35538789860048503,-0.05762461422818266,-1.117688950112255,-0.31651613137955814,082740
21,베이직하우스,2019,Q3,경기소비재,-0.2148817660023473,-0.2148817660023473,0.0285380071548913,-0.1734273668493711,0.0032636603197135905,-0.23380672843602146,-1.906171283211585,-0.3979986160310569,084870
21,현대글로비스,2019,Q3,산업재,-0.11566459207068017,-0.11566459207068017,0.03361141995702832,0.001865130588654118,0.17381545770341855,0.05391461413857268,0.36771113979510006,-0.24324388512739695,086280
21,아모레퍼시픽,2019,Q3,생활소비재,0.2951988671080346,0.2951988671080346,-0.010516747738194443,0.03589888404682817,-0.08285135006760957,0.06052700374794706,0.178571218534753,0.11571830085487406,090430
21,LF,2019,Q3,경기소비재,-0.23618928496977265,-0.23618928496977265,0.023817499786135787,0.003944099992092331,0.1997061048507247,-0.19081307303293382,-0.8683234588157291,-0.3083489898790833,093050
21,후성,2019,Q3,에너지_화학,-0.3567191842053086,-0.3567191842053086,0.0015020368070075563,0.0560656745763195,-0.0023297301099445278,-0.004864277111860771,0.38843921785399527,-0.05693400304658763,093370
21,SK이노베이션,2019,Q3,에너지_화학,-0.0865332455739095,-0.0865332455739095,-0.016653068980853947,-0.023287182782046223,0.0039485947364947815,0.16322708120909502,-0.563383535692056,-0.27427566545257964,096770
21,한진중공업,2019,Q3,중공업,0.010595607079123673,0.010595607079123673,-0.04956452991609772,0.023422965759566594,-0.007689968235373601,0.051724834003062936,-9.472727272727273,0.010169528639435182,097230
21,CJ제일제당,2019,Q3,생활소비재,-0.027707190411728727,-0.027707190411728727,0.017424225421454498,0.02227742259817722,-0.010322315780186497,0.07248043802725301,5.438446475847944,-0.02972957150851893,097950
21,풍산,2019,Q3,철강_소재,-0.08783622014338996,-0.08783622014338996,0.001563636762796028,-0.0038486278834268806,-0.045533485929682205,-0.06557897937361468,-0.6289360979305723,-0.03890384237774755,103140
21,한국철강,2019,Q3,철강_소재,-0.12556780148396757,-0.12556780148396757,-0.0027607312325176325,0.08894705040002115,-0.04771963216125663,-0.04208016594596553,-2.6415499569234937,-0.17810207629883643,104700
21,한세실업,2019,Q3,경기소비재,-0.15246745124793892,-0.15246745124793892,0.10114581475089612,0.0374768910697707,0.013152738566295952,0.47407052838493646,0.8276477227895249,-0.3446181455405536,105630
21,LG하우시스,2019,Q3,건설,-0.08063372941421709,-0.08063372941421709,0.03660539905017535,0.02540221002238119,-0.008845531525886408,-0.06912433331647305,-0.27045875041510503,-0.22093328285553318,108670
21,영원무역,2019,Q3,경기소비재,-0.11508437439117786,-0.11508437439117786,0.14511449845758584,0.07572821422241116,0.377172085594629,0.08034912395059335,0.13312286527287243,-0.2170333537851926,111770
21,GKL,2019,Q3,경기소비재,-0.021515070295557978,-0.021515070295557978,0.2888374755009575,0.03414282160358839,0.005488654873298637,0.1363695901491675,0.15950673441746988,-0.1690956803446493,114090
21,락앤락,2019,Q3,생활소비재,-0.15632992721107136,-0.15632992721107136,0.004301134306406551,-0.00789698966772634,0.01765373297885975,0.2083251367511736,-0.09056219199927373,-0.18738151123320126,115390
21,코오롱인더,2019,Q3,에너지_화학,0.14551234673185903,0.14551234673185903,-0.011359570749981063,0.02453471564468579,0.02424221004703986,-0.07256682165851147,-0.21129697163446526,-0.3212230539363793,120110
21,한미약품,2019,Q3,헬스케어,-0.008514803220705261,-0.008514803220705261,0.008969834456428183,0.0017752037106124607,0.018742182383240102,-0.039718802323454594,-0.20532395458895036,-0.024137604777819954,128940
21,이마트,2019,Q3,생활소비재,0.018466781913368466,0.018466781913368466,-0.00985634207217001,0.03551516543305211,0.11928337535588418,0.13957040365390916,-18.64681300311013,-0.019998122799292778,139480
21,삼양사,2019,Q3,생활소비재,-0.09328960723402935,-0.09328960723402935,-0.006223737512480287,0.007796025637030413,0.013398106999872317,0.04321621967896383,-0.11977043999001913,-0.2579080727714995,145990
21,한국타이어,2019,Q3,경기소비재,0.16594070766988606,0.16594070766988606,0.004973582061746695,0.027941243316895292,0.05868412798357436,-0.07481519015484983,-0.7971049852800298,-0.3217294519455759,161390
21,한국콜마,2019,Q3,생활소비재,-0.11437845024538403,-0.11437845024538403,0.10569563903866674,0.021089133500153512,0.5560374202246063,-0.22405073745158255,-0.7236768299669583,-0.07094011115565063,161890
21,동아에스티,2019,Q3,헬스케어,0.08481739447224475,0.08481739447224475,0.00039810531566519813,0.14749922605371912,0.02475936918981092,0.06655729913450226,1.1802292545280513,-0.06196697671199214,170900
21,종근당,2019,Q3,헬스케어,0.04173199581946731,0.04173199581946731,-0.0017830675810852625,0.09266382346463309,0.033452745489393365,0.052866764626821494,0.06618355231602036,0.01864554738401633,185750
21,코스맥스,2019,Q3,생활소비재,-0.0019048826944509656,-0.0019048826944509656,0.1865386238028428,0.8607604012577126,0.06928663124885714,-0.11139149042862806,-0.1943288518479407,0.07952925417604215,192820
