﻿접수번호,접수일자,회사코드,회사명,대표보고자,발행 회사 관계 임원(등기여부),발행 회사 관계 임원 직위,발행 회사 관계 주요 주주,특정 증권 등 소유 수,특정 증권 등 소유 증감 수,특정 증권 등 소유 비율,특정 증권 등 소유 증감 비율,연도,분기
20230414000270,2023-04-14,00146269,일신방직,김영호,등기임원,대표이사,사실상지배주주,"4,963,980","4,467,582",21.32,0.64,2023,Q2
20230414000333,2023-04-14,00146269,일신방직,고정석,비등기임원,이사,-,"340,420","306,378",1.46,0.04,2023,Q2
20230414000313,2023-04-14,00146269,일신방직,김윤태,비등기임원,이사,-,"328,020","295,218",1.41,0.04,2023,Q2
20230414000291,2023-04-14,00146269,일신방직,김정수,등기임원,대표이사,-,"1,083,390","975,051",4.65,0.14,2023,Q2
