﻿접수번호,접수일자,회사코드,회사명,대표보고자,발행 회사 관계 임원(등기여부),발행 회사 관계 임원 직위,발행 회사 관계 주요 주주,특정 증권 등 소유 수,특정 증권 등 소유 증감 수,특정 증권 등 소유 비율,특정 증권 등 소유 증감 비율,연도,분기
20230406000950,2023-04-06,00146454,일양약품,이욱현,비등기임원,이사,-,700,700,0,0,2023,Q2
20240731000517,2024-07-31,00146454,일양약품,정유석,등기임원,대표이사 사장,사실상지배주주,"786,377","7,500",4.12,0.04,2024,Q3
20240802000306,2024-08-02,00146454,일양약품,정유석,등기임원,대표이사 사장,사실상지배주주,"790,877","4,500",4.14,0.02,2024,Q3
20240814002450,2024-08-14,00146454,일양약품,정유석,등기임원,대표이사 사장,사실상지배주주,"793,877","3,000",4.16,0.02,2024,Q3
20240913000552,2024-09-13,00146454,일양약품,정유석,등기임원,대표이사 사장,사실상지배주주,"797,177","3,300",4.18,0.02,2024,Q3
20241008000285,2024-10-08,00146454,일양약품,정유석,등기임원,대표이사 사장,사실상지배주주,"800,677","3,500",4.20,0.02,2024,Q4
20241017000218,2024-10-17,00146454,일양약품,정유석,등기임원,대표이사 사장,사실상지배주주,"804,677","4,000",4.22,0.02,2024,Q4
20241018000325,2024-10-18,00146454,일양약품,정유석,등기임원,대표이사 사장,사실상지배주주,"808,777","4,100",4.24,0.02,2024,Q4
