﻿접수번호,접수일자,회사코드,회사명,대표보고자,발행 회사 관계 임원(등기여부),발행 회사 관계 임원 직위,발행 회사 관계 주요 주주,특정 증권 등 소유 수,특정 증권 등 소유 증감 수,특정 증권 등 소유 비율,특정 증권 등 소유 증감 비율,연도,분기
20241231000095,2024-12-31,00131692,서흥,양주환,등기임원,"대표이사 
회장",사실상지배주주,"2,893,020","-900,000",25.01,-8.84,2024,Q4
20241231000108,2024-12-31,00131692,서흥,양준성,등기임원,전무이사,-,"795,510","450,000",6.88,3.89,2024,Q4
20241231000104,2024-12-31,00131692,서흥,양준택,등기임원,전무이사,-,"840,630","450,000",7.27,3.89,2024,Q4
